macro_precision,macro_recall,macro_f1,macro_accuracy,micro_precision,micro_recall,micro_f1,overall_extraction_rate,overall_coverage,model
0.7458987336077557,0.7610694474319859,0.7438154107337046,0.7426108374384236,0.8224465558194775,0.803830528148578,0.8130319929556794,0.6912972085385878,0.8199454377911454,qwen3_30b-a3b-thinking-2507-fp16
0.8138898032406112,0.9582271047385525,0.8701150985220559,0.8801313628899835,0.8750632271117855,0.9713644020213363,0.9207025013304949,0.811576354679803,0.9664798994462397,gemma-bmt
0.8237489059402421,0.9286220391249828,0.8672023232997808,0.8669950738916257,0.8569230769230769,0.9732090856144437,0.9113716934824106,0.8004926108374384,0.9517587982016158,medgemma_27b_fp16
0.7344978385091645,0.7396814677392692,0.7197045012122015,0.7188013136288998,0.7991426821800367,0.7847263980757667,0.791868932038835,0.6703612479474549,0.8052784100421284,llama3.1_70b
0.7724451151798172,0.9360939170109616,0.8398056810529214,0.8390804597701148,0.8212090163934426,0.9732847601700061,0.8908030008335648,0.8013136288998356,0.9616676127912814,gemma3_27b-it-fp16
